"category","height","n_clusters"
"mares",0,20
"mares",0.00585782442630263,20
"mares",0.0117156488526053,20
"mares",0.0175734732789079,19
"mares",0.0234312977052105,19
"mares",0.0292891221315132,18
"mares",0.0351469465578158,17
"mares",0.0410047709841184,16
"mares",0.0468625954104211,15
"mares",0.0527204198367237,15
"mares",0.0585782442630263,15
"mares",0.064436068689329,15
"mares",0.0702938931156316,15
"mares",0.0761517175419342,14
"mares",0.0820095419682369,13
"mares",0.0878673663945395,13
"mares",0.0937251908208421,10
"mares",0.0995830152471447,10
"mares",0.105440839673447,10
"mares",0.11129866409975,10
"mares",0.117156488526053,10
"mares",0.123014312952355,10
"mares",0.128872137378658,9
"mares",0.134729961804961,8
"mares",0.140587786231263,8
"mares",0.146445610657566,8
"mares",0.152303435083868,7
"mares",0.158161259510171,7
"mares",0.164019083936474,6
"mares",0.169876908362776,6
"mares",0.175734732789079,6
"mares",0.181592557215382,6
"mares",0.187450381641684,6
"mares",0.193308206067987,6
"mares",0.19916603049429,6
"mares",0.205023854920592,6
"mares",0.210881679346895,6
"mares",0.216739503773197,6
"mares",0.2225973281995,6
"mares",0.228455152625803,6
"mares",0.234312977052105,5
"mares",0.240170801478408,5
"mares",0.246028625904711,5
"mares",0.251886450331013,5
"mares",0.257744274757316,5
"mares",0.263602099183618,5
"mares",0.269459923609921,5
"mares",0.275317748036224,5
"mares",0.281175572462526,5
"mares",0.287033396888829,4
"mares",0.292891221315132,4
"mares",0.298749045741434,4
"mares",0.304606870167737,4
"mares",0.31046469459404,4
"mares",0.316322519020342,4
"mares",0.322180343446645,4
"mares",0.328038167872947,4
"mares",0.33389599229925,4
"mares",0.339753816725553,4
"mares",0.345611641151855,4
"mares",0.351469465578158,4
"mares",0.357327290004461,3
"mares",0.363185114430763,3
"mares",0.369042938857066,3
"mares",0.374900763283368,3
"mares",0.380758587709671,3
"mares",0.386616412135974,3
"mares",0.392474236562276,3
"mares",0.398332060988579,3
"mares",0.404189885414882,3
"mares",0.410047709841184,3
"mares",0.415905534267487,3
"mares",0.42176335869379,3
"mares",0.427621183120092,3
"mares",0.433479007546395,3
"mares",0.439336831972697,3
"mares",0.445194656399,3
"mares",0.451052480825303,3
"mares",0.456910305251605,3
"mares",0.462768129677908,3
"mares",0.468625954104211,2
"mares",0.474483778530513,2
"mares",0.480341602956816,2
"mares",0.486199427383118,2
"mares",0.492057251809421,2
"mares",0.497915076235724,2
"mares",0.503772900662026,2
"mares",0.509630725088329,2
"mares",0.515488549514632,2
"mares",0.521346373940934,2
"mares",0.527204198367237,2
"mares",0.53306202279354,2
"mares",0.538919847219842,2
"mares",0.544777671646145,2
"mares",0.550635496072447,2
"mares",0.55649332049875,2
"mares",0.562351144925053,2
"mares",0.568208969351355,2
"mares",0.574066793777658,2
"mares",0.579924618203961,1
"biodiversidad",0,24
"biodiversidad",0.00843115393972416,22
"biodiversidad",0.0168623078794483,21
"biodiversidad",0.0252934618191725,20
"biodiversidad",0.0337246157588966,19
"biodiversidad",0.0421557696986208,17
"biodiversidad",0.050586923638345,15
"biodiversidad",0.0590180775780691,14
"biodiversidad",0.0674492315177933,14
"biodiversidad",0.0758803854575174,14
"biodiversidad",0.0843115393972416,12
"biodiversidad",0.0927426933369657,12
"biodiversidad",0.10117384727669,10
"biodiversidad",0.109605001216414,8
"biodiversidad",0.118036155156138,8
"biodiversidad",0.126467309095862,8
"biodiversidad",0.134898463035587,8
"biodiversidad",0.143329616975311,8
"biodiversidad",0.151760770915035,7
"biodiversidad",0.160191924854759,6
"biodiversidad",0.168623078794483,6
"biodiversidad",0.177054232734207,6
"biodiversidad",0.185485386673931,6
"biodiversidad",0.193916540613656,6
"biodiversidad",0.20234769455338,6
"biodiversidad",0.210778848493104,5
"biodiversidad",0.219210002432828,5
"biodiversidad",0.227641156372552,5
"biodiversidad",0.236072310312276,5
"biodiversidad",0.244503464252001,5
"biodiversidad",0.252934618191725,5
"biodiversidad",0.261365772131449,5
"biodiversidad",0.269796926071173,5
"biodiversidad",0.278228080010897,5
"biodiversidad",0.286659233950621,5
"biodiversidad",0.295090387890346,5
"biodiversidad",0.30352154183007,4
"biodiversidad",0.311952695769794,4
"biodiversidad",0.320383849709518,4
"biodiversidad",0.328815003649242,4
"biodiversidad",0.337246157588966,4
"biodiversidad",0.34567731152869,4
"biodiversidad",0.354108465468415,4
"biodiversidad",0.362539619408139,4
"biodiversidad",0.370970773347863,4
"biodiversidad",0.379401927287587,4
"biodiversidad",0.387833081227311,3
"biodiversidad",0.396264235167035,3
"biodiversidad",0.40469538910676,3
"biodiversidad",0.413126543046484,3
"biodiversidad",0.421557696986208,3
"biodiversidad",0.429988850925932,2
"biodiversidad",0.438420004865656,2
"biodiversidad",0.44685115880538,2
"biodiversidad",0.455282312745105,2
"biodiversidad",0.463713466684829,2
"biodiversidad",0.472144620624553,2
"biodiversidad",0.480575774564277,2
"biodiversidad",0.489006928504001,2
"biodiversidad",0.497438082443725,2
"biodiversidad",0.50586923638345,2
"biodiversidad",0.514300390323174,2
"biodiversidad",0.522731544262898,2
"biodiversidad",0.531162698202622,2
"biodiversidad",0.539593852142346,2
"biodiversidad",0.54802500608207,2
"biodiversidad",0.556456160021794,2
"biodiversidad",0.564887313961519,2
"biodiversidad",0.573318467901243,2
"biodiversidad",0.581749621840967,2
"biodiversidad",0.590180775780691,2
"biodiversidad",0.598611929720415,2
"biodiversidad",0.607043083660139,2
"biodiversidad",0.615474237599864,2
"biodiversidad",0.623905391539588,2
"biodiversidad",0.632336545479312,2
"biodiversidad",0.640767699419036,2
"biodiversidad",0.64919885335876,2
"biodiversidad",0.657630007298484,2
"biodiversidad",0.666061161238208,2
"biodiversidad",0.674492315177933,2
"biodiversidad",0.682923469117657,2
"biodiversidad",0.691354623057381,2
"biodiversidad",0.699785776997105,2
"biodiversidad",0.708216930936829,2
"biodiversidad",0.716648084876553,2
"biodiversidad",0.725079238816278,2
"biodiversidad",0.733510392756002,2
"biodiversidad",0.741941546695726,2
"biodiversidad",0.75037270063545,2
"biodiversidad",0.758803854575174,2
"biodiversidad",0.767235008514898,2
"biodiversidad",0.775666162454622,2
"biodiversidad",0.784097316394347,2
"biodiversidad",0.792528470334071,2
"biodiversidad",0.800959624273795,2
"biodiversidad",0.809390778213519,2
"biodiversidad",0.817821932153243,2
"biodiversidad",0.826253086092968,2
"biodiversidad",0.834684240032692,1
"clima",0,23
"clima",0.00681539839402198,22
"clima",0.013630796788044,22
"clima",0.0204461951820659,21
"clima",0.0272615935760879,21
"clima",0.0340769919701099,20
"clima",0.0408923903641319,20
"clima",0.0477077887581538,17
"clima",0.0545231871521758,16
"clima",0.0613385855461978,15
"clima",0.0681539839402198,15
"clima",0.0749693823342417,12
"clima",0.0817847807282637,12
"clima",0.0886001791222857,12
"clima",0.0954155775163077,11
"clima",0.10223097591033,11
"clima",0.109046374304352,11
"clima",0.115861772698374,11
"clima",0.122677171092396,8
"clima",0.129492569486418,8
"clima",0.13630796788044,8
"clima",0.143123366274461,8
"clima",0.149938764668483,8
"clima",0.156754163062505,7
"clima",0.163569561456527,6
"clima",0.170384959850549,6
"clima",0.177200358244571,6
"clima",0.184015756638593,6
"clima",0.190831155032615,6
"clima",0.197646553426637,6
"clima",0.204461951820659,6
"clima",0.211277350214681,5
"clima",0.218092748608703,4
"clima",0.224908147002725,4
"clima",0.231723545396747,4
"clima",0.238538943790769,4
"clima",0.245354342184791,4
"clima",0.252169740578813,4
"clima",0.258985138972835,4
"clima",0.265800537366857,4
"clima",0.272615935760879,4
"clima",0.279431334154901,4
"clima",0.286246732548923,4
"clima",0.293062130942945,4
"clima",0.299877529336967,4
"clima",0.306692927730989,4
"clima",0.313508326125011,4
"clima",0.320323724519033,4
"clima",0.327139122913055,4
"clima",0.333954521307077,4
"clima",0.340769919701099,4
"clima",0.347585318095121,4
"clima",0.354400716489143,4
"clima",0.361216114883165,4
"clima",0.368031513277187,4
"clima",0.374846911671209,4
"clima",0.381662310065231,4
"clima",0.388477708459253,4
"clima",0.395293106853275,4
"clima",0.402108505247297,4
"clima",0.408923903641319,4
"clima",0.415739302035341,4
"clima",0.422554700429362,4
"clima",0.429370098823385,4
"clima",0.436185497217406,4
"clima",0.443000895611428,4
"clima",0.44981629400545,3
"clima",0.456631692399472,3
"clima",0.463447090793494,2
"clima",0.470262489187516,2
"clima",0.477077887581538,2
"clima",0.48389328597556,2
"clima",0.490708684369582,2
"clima",0.497524082763604,2
"clima",0.504339481157626,2
"clima",0.511154879551648,2
"clima",0.51797027794567,2
"clima",0.524785676339692,2
"clima",0.531601074733714,2
"clima",0.538416473127736,2
"clima",0.545231871521758,2
"clima",0.55204726991578,2
"clima",0.558862668309802,2
"clima",0.565678066703824,2
"clima",0.572493465097846,2
"clima",0.579308863491868,2
"clima",0.58612426188589,2
"clima",0.592939660279912,2
"clima",0.599755058673934,2
"clima",0.606570457067956,2
"clima",0.613385855461978,2
"clima",0.620201253856,2
"clima",0.627016652250022,2
"clima",0.633832050644044,2
"clima",0.640647449038066,2
"clima",0.647462847432088,2
"clima",0.65427824582611,2
"clima",0.661093644220132,2
"clima",0.667909042614154,2
"clima",0.674724441008176,1
